Emitten,DER,Operating Profit Margin,Return On Asset,Sales Growth,Category
BABP.JK,0.2305243344, 0.23311191 ,0.343039393,0.42513486 ,
BBCA.JK, 0.208143629, 0.11665164 , 0.216560162,0.224535561 ,
BBNI.JK , 3.236633586 , -0.12904175 , -0.238650007 , -0.348694489 ,
BDMN.JK , 2.222888292 , 1.19197065 , 0.055115894 , 0.107549938 ,
BBRI.JK , 3.296169404 , 0.53703489 , -0.151998089 , -0.371776683 ,
5BB.SG , 0.061521993 , 1.65939597 , 0.006722855 , 0.870432638 ,
